nomeagente;cognome;prodotto;microarea
Antonio;Rossi;"BIOGREEN - GEL 30ML";"TORINO 01"
Enzo;Barabba;Barracuda;"TORINO 01"
Enzo;Barabba;Aulin;"TORINO 01"
Enzo;Barabba;Sporogen;"TORINO 01"
Enzo;Barabba;Mufluil;"TORINO 01"
Enzo;Barabba;Memovigor;"TORINO 01"
Enzo;Barabba;Trimikos;"TORINO 01"
Enzo;Barabba;ColonBirr;"TORINO 01"
Antonio;Rossi;"BIOGREEN - GEL 30ML";"TORINO 02"
Enzo;Barabba;Barracuda;"TORINO 02"
Enzo;Barabba;Aulin;"TORINO 02"
Enzo;Barabba;Sporogen;"TORINO 02"
Enzo;Barabba;Mufluil;"TORINO 02"
Enzo;Barabba;Memovigor;"TORINO 02"
Enzo;Barabba;Trimikos;"TORINO 02"
Enzo;Barabba;ColonBirr;"TORINO 02"
Antonio;Rossi;"BIOGREEN - GEL 30ML";"TORINO 03"
Enzo;Barabba;Barracuda;"TORINO 03"
Enzo;Barabba;Aulin;"TORINO 03"
Enzo;Barabba;Sporogen;"TORINO 03"
Enzo;Barabba;Mufluil;"TORINO 03"
Enzo;Barabba;Memovigor;"TORINO 03"
Enzo;Barabba;Trimikos;"TORINO 03"
Enzo;Barabba;ColonBirr;"TORINO 03"
Antonio;Rossi;"BIOGREEN - GEL 30ML";"TORINO 04"
Enzo;Barabba;Barracuda;"TORINO 04"
Enzo;Barabba;Aulin;"TORINO 04"
Enzo;Barabba;Sporogen;"TORINO 04"
Enzo;Barabba;Mufluil;"TORINO 04"
Enzo;Barabba;Memovigor;"TORINO 04"
Enzo;Barabba;Trimikos;"TORINO 04"
Enzo;Barabba;ColonBirr;"TORINO 04"
Antonio;Rossi;"BIOGREEN - GEL 30ML";"TORINO 05"
Enzo;Barabba;Barracuda;"TORINO 05"
Enzo;Barabba;Aulin;"TORINO 05"
Enzo;Barabba;Sporogen;"TORINO 05"
Enzo;Barabba;Mufluil;"TORINO 05"
Enzo;Barabba;Memovigor;"TORINO 05"
Enzo;Barabba;Trimikos;"TORINO 05"
Enzo;Barabba;ColonBirr;"TORINO 05"
Antonio;Rossi;"BIOGREEN - GEL 30ML";"TORINO 06"
Enzo;Barabba;Barracuda;"TORINO 06"
Enzo;Barabba;Aulin;"TORINO 06"
Enzo;Barabba;Sporogen;"TORINO 06"
Enzo;Barabba;Mufluil;"TORINO 06"
Enzo;Barabba;Memovigor;"TORINO 06"
Enzo;Barabba;Trimikos;"TORINO 06"
Enzo;Barabba;ColonBirr;"TORINO 06"
Antonio;Rossi;"BIOGREEN - GEL 30ML";"TORINO 07"
Enzo;Barabba;Barracuda;"TORINO 07"
Enzo;Barabba;Aulin;"TORINO 07"
Enzo;Barabba;Sporogen;"TORINO 07"
Enzo;Barabba;Mufluil;"TORINO 07"
Enzo;Barabba;Memovigor;"TORINO 07"
Enzo;Barabba;Trimikos;"TORINO 07"
Enzo;Barabba;ColonBirr;"TORINO 07"
Antonio;Rossi;"BIOGREEN - GEL 30ML";"TORINO 08"
Enzo;Barabba;Barracuda;"TORINO 08"
Enzo;Barabba;Aulin;"TORINO 08"
Enzo;Barabba;Sporogen;"TORINO 08"
Enzo;Barabba;Mufluil;"TORINO 08"
Enzo;Barabba;Memovigor;"TORINO 08"
Enzo;Barabba;Trimikos;"TORINO 08"
Enzo;Barabba;ColonBirr;"TORINO 08"
Antonio;Rossi;"BIOGREEN - GEL 30ML";"TORINO 09"
Enzo;Barabba;Barracuda;"TORINO 09"
Enzo;Barabba;Aulin;"TORINO 09"
Enzo;Barabba;Sporogen;"TORINO 09"
Enzo;Barabba;Mufluil;"TORINO 09"
Enzo;Barabba;Memovigor;"TORINO 09"
Enzo;Barabba;Trimikos;"TORINO 09"
Enzo;Barabba;ColonBirr;"TORINO 09"
Antonio;Rossi;"BIOGREEN - GEL 30ML";"TORINO 10"
Enzo;Barabba;Barracuda;"TORINO 10"
Enzo;Barabba;Aulin;"TORINO 10"
Enzo;Barabba;Sporogen;"TORINO 10"
Enzo;Barabba;Mufluil;"TORINO 10"
Enzo;Barabba;Memovigor;"TORINO 10"
Enzo;Barabba;Trimikos;"TORINO 10"
Enzo;Barabba;ColonBirr;"TORINO 10"
Antonio;Rossi;"BIOGREEN - GEL 30ML";"TORINO 11"
Enzo;Barabba;Barracuda;"TORINO 11"
Enzo;Barabba;Aulin;"TORINO 11"
Enzo;Barabba;Sporogen;"TORINO 11"
Enzo;Barabba;Mufluil;"TORINO 11"
Enzo;Barabba;Memovigor;"TORINO 11"
Enzo;Barabba;Trimikos;"TORINO 11"
Enzo;Barabba;ColonBirr;"TORINO 11"
Antonio;Rossi;"BIOGREEN - GEL 30ML";"TORINO 12"
Enzo;Barabba;Barracuda;"TORINO 12"
Enzo;Barabba;Aulin;"TORINO 12"
Enzo;Barabba;Sporogen;"TORINO 12"
Enzo;Barabba;Mufluil;"TORINO 12"
Enzo;Barabba;Memovigor;"TORINO 12"
Enzo;Barabba;Trimikos;"TORINO 12"
Enzo;Barabba;ColonBirr;"TORINO 12"
Antonio;Rossi;"BIOGREEN - GEL 30ML";"TORINO 13"
Enzo;Barabba;Barracuda;"TORINO 13"
Enzo;Barabba;Aulin;"TORINO 13"
Enzo;Barabba;Sporogen;"TORINO 13"
Enzo;Barabba;Mufluil;"TORINO 13"
Enzo;Barabba;Memovigor;"TORINO 13"
Enzo;Barabba;Trimikos;"TORINO 13"
Enzo;Barabba;ColonBirr;"TORINO 13"
Antonio;Rossi;"BIOGREEN - GEL 30ML";"TORINO 14"
Enzo;Barabba;Barracuda;"TORINO 14"
Enzo;Barabba;Aulin;"TORINO 14"
Enzo;Barabba;Sporogen;"TORINO 14"
Enzo;Barabba;Mufluil;"TORINO 14"
Enzo;Barabba;Memovigor;"TORINO 14"
Enzo;Barabba;Trimikos;"TORINO 14"
Enzo;Barabba;ColonBirr;"TORINO 14"
Antonio;Rossi;"BIOGREEN - GEL 30ML";"TORINO 15"
Enzo;Barabba;Barracuda;"TORINO 15"
Enzo;Barabba;Aulin;"TORINO 15"
Enzo;Barabba;Sporogen;"TORINO 15"
Enzo;Barabba;Mufluil;"TORINO 15"
Enzo;Barabba;Memovigor;"TORINO 15"
Enzo;Barabba;Trimikos;"TORINO 15"
Enzo;Barabba;ColonBirr;"TORINO 15"
Antonio;Rossi;"BIOGREEN - GEL 30ML";"TORINO 16"
Enzo;Barabba;Barracuda;"TORINO 16"
Enzo;Barabba;Aulin;"TORINO 16"
Enzo;Barabba;Sporogen;"TORINO 16"
Enzo;Barabba;Mufluil;"TORINO 16"
Enzo;Barabba;Memovigor;"TORINO 16"
Enzo;Barabba;Trimikos;"TORINO 16"
Enzo;Barabba;ColonBirr;"TORINO 16"
Antonio;Rossi;"BIOGREEN - GEL 30ML";"TORINO 17"
Enzo;Barabba;Barracuda;"TORINO 17"
Enzo;Barabba;Aulin;"TORINO 17"
Enzo;Barabba;Sporogen;"TORINO 17"
Enzo;Barabba;Mufluil;"TORINO 17"
Enzo;Barabba;Memovigor;"TORINO 17"
Enzo;Barabba;Trimikos;"TORINO 17"
Enzo;Barabba;ColonBirr;"TORINO 17"
Antonio;Rossi;"BIOGREEN - GEL 30ML";"TORINO 18"
Enzo;Barabba;Barracuda;"TORINO 18"
Enzo;Barabba;Aulin;"TORINO 18"
Enzo;Barabba;Sporogen;"TORINO 18"
Enzo;Barabba;Mufluil;"TORINO 18"
Enzo;Barabba;Memovigor;"TORINO 18"
Enzo;Barabba;Trimikos;"TORINO 18"
Enzo;Barabba;ColonBirr;"TORINO 18"
Antonio;Rossi;"BIOGREEN - GEL 30ML";"TORINO 19"
Enzo;Barabba;Barracuda;"TORINO 19"
Enzo;Barabba;Aulin;"TORINO 19"
Enzo;Barabba;Sporogen;"TORINO 19"
Enzo;Barabba;Mufluil;"TORINO 19"
Enzo;Barabba;Memovigor;"TORINO 19"
Enzo;Barabba;Trimikos;"TORINO 19"
Enzo;Barabba;ColonBirr;"TORINO 19"
Antonio;Rossi;"BIOGREEN - GEL 30ML";"TORINO 20"
Enzo;Barabba;Barracuda;"TORINO 20"
Enzo;Barabba;Aulin;"TORINO 20"
Enzo;Barabba;Sporogen;"TORINO 20"
Enzo;Barabba;Mufluil;"TORINO 20"
Enzo;Barabba;Memovigor;"TORINO 20"
Enzo;Barabba;Trimikos;"TORINO 20"
Enzo;Barabba;ColonBirr;"TORINO 20"
Antonio;Rossi;"BIOGREEN - GEL 30ML";"TORINO 21"
Enzo;Barabba;Barracuda;"TORINO 21"
Enzo;Barabba;Aulin;"TORINO 21"
Enzo;Barabba;Sporogen;"TORINO 21"
Enzo;Barabba;Mufluil;"TORINO 21"
Enzo;Barabba;Memovigor;"TORINO 21"
Enzo;Barabba;Trimikos;"TORINO 21"
Enzo;Barabba;ColonBirr;"TORINO 21"
Antonio;Rossi;"BIOGREEN - GEL 30ML";"TORINO 22"
Enzo;Barabba;Barracuda;"TORINO 22"
Enzo;Barabba;Aulin;"TORINO 22"
Enzo;Barabba;Sporogen;"TORINO 22"
Enzo;Barabba;Mufluil;"TORINO 22"
Enzo;Barabba;Memovigor;"TORINO 22"
Enzo;Barabba;Trimikos;"TORINO 22"
Enzo;Barabba;ColonBirr;"TORINO 22"
Antonio;Rossi;"BIOGREEN - GEL 30ML";"TORINO 23"
Enzo;Barabba;Barracuda;"TORINO 23"
Enzo;Barabba;Aulin;"TORINO 23"
Enzo;Barabba;Sporogen;"TORINO 23"
Enzo;Barabba;Mufluil;"TORINO 23"
Enzo;Barabba;Memovigor;"TORINO 23"
Enzo;Barabba;Trimikos;"TORINO 23"
Enzo;Barabba;ColonBirr;"TORINO 23"
Antonio;Rossi;"BIOGREEN - GEL 30ML";"TORINO 24"
Enzo;Barabba;Barracuda;"TORINO 24"
Enzo;Barabba;Aulin;"TORINO 24"
Enzo;Barabba;Sporogen;"TORINO 24"
Enzo;Barabba;Mufluil;"TORINO 24"
Enzo;Barabba;Memovigor;"TORINO 24"
Enzo;Barabba;Trimikos;"TORINO 24"
Enzo;Barabba;ColonBirr;"TORINO 24"
Antonio;Rossi;"BIOGREEN - GEL 30ML";"TORINO 25"
Enzo;Barabba;Barracuda;"TORINO 25"
Enzo;Barabba;Aulin;"TORINO 25"
Enzo;Barabba;Sporogen;"TORINO 25"
Enzo;Barabba;Mufluil;"TORINO 25"
Enzo;Barabba;Memovigor;"TORINO 25"
Enzo;Barabba;Trimikos;"TORINO 25"
Enzo;Barabba;ColonBirr;"TORINO 25"
Antonio;Rossi;"BIOGREEN - GEL 30ML";"TORINO 26"
Enzo;Barabba;Barracuda;"TORINO 26"
Enzo;Barabba;Aulin;"TORINO 26"
Enzo;Barabba;Sporogen;"TORINO 26"
Enzo;Barabba;Mufluil;"TORINO 26"
Enzo;Barabba;Memovigor;"TORINO 26"
Enzo;Barabba;Trimikos;"TORINO 26"
Enzo;Barabba;ColonBirr;"TORINO 26"
Antonio;Rossi;"BIOGREEN - GEL 30ML";"TORINO 27"
Enzo;Barabba;Barracuda;"TORINO 27"
Enzo;Barabba;Aulin;"TORINO 27"
Enzo;Barabba;Sporogen;"TORINO 27"
Enzo;Barabba;Mufluil;"TORINO 27"
Enzo;Barabba;Memovigor;"TORINO 27"
Enzo;Barabba;Trimikos;"TORINO 27"
Enzo;Barabba;ColonBirr;"TORINO 27"
Antonio;Rossi;"BIOGREEN - GEL 30ML";"TORINO 28"
Enzo;Barabba;Barracuda;"TORINO 28"
Enzo;Barabba;Aulin;"TORINO 28"
Enzo;Barabba;Sporogen;"TORINO 28"
Enzo;Barabba;Mufluil;"TORINO 28"
Enzo;Barabba;Memovigor;"TORINO 28"
Enzo;Barabba;Trimikos;"TORINO 28"
Enzo;Barabba;ColonBirr;"TORINO 28"
Antonio;Rossi;"BIOGREEN - GEL 30ML";"TORINO 29"
Enzo;Barabba;Barracuda;"TORINO 29"
Enzo;Barabba;Aulin;"TORINO 29"
Enzo;Barabba;Sporogen;"TORINO 29"
Enzo;Barabba;Mufluil;"TORINO 29"
Enzo;Barabba;Memovigor;"TORINO 29"
Enzo;Barabba;Trimikos;"TORINO 29"
Enzo;Barabba;ColonBirr;"TORINO 29"
Antonio;Rossi;"BIOGREEN - GEL 30ML";"TORINO 30"
Enzo;Barabba;Barracuda;"TORINO 30"
Enzo;Barabba;Aulin;"TORINO 30"
Enzo;Barabba;Sporogen;"TORINO 30"
Enzo;Barabba;Mufluil;"TORINO 30"
Enzo;Barabba;Memovigor;"TORINO 30"
Enzo;Barabba;Trimikos;"TORINO 30"
Enzo;Barabba;ColonBirr;"TORINO 30"
Antonio;Rossi;"BIOGREEN - GEL 30ML";"TORINO 31"
Enzo;Barabba;Barracuda;"TORINO 31"
Enzo;Barabba;Aulin;"TORINO 31"
Enzo;Barabba;Sporogen;"TORINO 31"
Enzo;Barabba;Mufluil;"TORINO 31"
Enzo;Barabba;Memovigor;"TORINO 31"
Enzo;Barabba;Trimikos;"TORINO 31"
Enzo;Barabba;ColonBirr;"TORINO 31"
Antonio;Rossi;"BIOGREEN - GEL 30ML";"TORINO 32"
Enzo;Barabba;Barracuda;"TORINO 32"
Enzo;Barabba;Aulin;"TORINO 32"
Enzo;Barabba;Sporogen;"TORINO 32"
Enzo;Barabba;Mufluil;"TORINO 32"
Enzo;Barabba;Memovigor;"TORINO 32"
Enzo;Barabba;Trimikos;"TORINO 32"
Enzo;Barabba;ColonBirr;"TORINO 32"
Antonio;Rossi;"BIOGREEN - GEL 30ML";"TORINO 33"
Enzo;Barabba;Barracuda;"TORINO 33"
Enzo;Barabba;Aulin;"TORINO 33"
Enzo;Barabba;Sporogen;"TORINO 33"
Enzo;Barabba;Mufluil;"TORINO 33"
Enzo;Barabba;Memovigor;"TORINO 33"
Enzo;Barabba;Trimikos;"TORINO 33"
Enzo;Barabba;ColonBirr;"TORINO 33"
Antonio;Rossi;"BIOGREEN - GEL 30ML";"TORINO 34"
Enzo;Barabba;Barracuda;"TORINO 34"
Enzo;Barabba;Aulin;"TORINO 34"
Enzo;Barabba;Sporogen;"TORINO 34"
Enzo;Barabba;Mufluil;"TORINO 34"
Enzo;Barabba;Memovigor;"TORINO 34"
Enzo;Barabba;Trimikos;"TORINO 34"
Enzo;Barabba;ColonBirr;"TORINO 34"
Antonio;Rossi;"BIOGREEN - GEL 30ML";"TORINO 35"
Enzo;Barabba;Barracuda;"TORINO 35"
Enzo;Barabba;Aulin;"TORINO 35"
Enzo;Barabba;Sporogen;"TORINO 35"
Enzo;Barabba;Mufluil;"TORINO 35"
Enzo;Barabba;Memovigor;"TORINO 35"
Enzo;Barabba;Trimikos;"TORINO 35"
Enzo;Barabba;ColonBirr;"TORINO 35"
Antonio;Rossi;"BIOGREEN - GEL 30ML";"TORINO 36"
Enzo;Barabba;Barracuda;"TORINO 36"
Enzo;Barabba;Aulin;"TORINO 36"
Enzo;Barabba;Sporogen;"TORINO 36"
Enzo;Barabba;Mufluil;"TORINO 36"
Enzo;Barabba;Memovigor;"TORINO 36"
Enzo;Barabba;Trimikos;"TORINO 36"
Enzo;Barabba;ColonBirr;"TORINO 36"
Antonio;Rossi;"BIOGREEN - GEL 30ML";"TORINO 37"
Enzo;Barabba;Barracuda;"TORINO 37"
Enzo;Barabba;Aulin;"TORINO 37"
Enzo;Barabba;Sporogen;"TORINO 37"
Enzo;Barabba;Mufluil;"TORINO 37"
Enzo;Barabba;Memovigor;"TORINO 37"
Enzo;Barabba;Trimikos;"TORINO 37"
Enzo;Barabba;ColonBirr;"TORINO 37"
Antonio;Rossi;"BIOGREEN - GEL 30ML";"TORINO 38"
Enzo;Barabba;Barracuda;"TORINO 38"
Enzo;Barabba;Aulin;"TORINO 38"
Enzo;Barabba;Sporogen;"TORINO 38"
Enzo;Barabba;Mufluil;"TORINO 38"
Enzo;Barabba;Memovigor;"TORINO 38"
Enzo;Barabba;Trimikos;"TORINO 38"
Enzo;Barabba;ColonBirr;"TORINO 38"
Antonio;Rossi;"BIOGREEN - GEL 30ML";"TORINO 39"
Enzo;Barabba;Barracuda;"TORINO 39"
Enzo;Barabba;Aulin;"TORINO 39"
Enzo;Barabba;Sporogen;"TORINO 39"
Enzo;Barabba;Mufluil;"TORINO 39"
Enzo;Barabba;Memovigor;"TORINO 39"
Enzo;Barabba;Trimikos;"TORINO 39"
Enzo;Barabba;ColonBirr;"TORINO 39"
Antonio;Rossi;"BIOGREEN - GEL 30ML";"TORINO 40"
Enzo;Barabba;Barracuda;"TORINO 40"
Enzo;Barabba;Aulin;"TORINO 40"
Enzo;Barabba;Sporogen;"TORINO 40"
Enzo;Barabba;Mufluil;"TORINO 40"
Enzo;Barabba;Memovigor;"TORINO 40"
Enzo;Barabba;Trimikos;"TORINO 40"
Enzo;Barabba;ColonBirr;"TORINO 40"
Antonio;Rossi;"BIOGREEN - GEL 30ML";"TORINO 41"
Enzo;Barabba;Barracuda;"TORINO 41"
Enzo;Barabba;Aulin;"TORINO 41"
Enzo;Barabba;Sporogen;"TORINO 41"
Enzo;Barabba;Mufluil;"TORINO 41"
Enzo;Barabba;Memovigor;"TORINO 41"
Enzo;Barabba;Trimikos;"TORINO 41"
Enzo;Barabba;ColonBirr;"TORINO 41"
Antonio;Rossi;"BIOGREEN - GEL 30ML";"TORINO 42"
Enzo;Barabba;Barracuda;"TORINO 42"
Enzo;Barabba;Aulin;"TORINO 42"
Enzo;Barabba;Sporogen;"TORINO 42"
Enzo;Barabba;Mufluil;"TORINO 42"
Enzo;Barabba;Memovigor;"TORINO 42"
Enzo;Barabba;Trimikos;"TORINO 42"
Enzo;Barabba;ColonBirr;"TORINO 42"
Antonio;Rossi;"BIOGREEN - GEL 30ML";"TORINO 43"
Enzo;Barabba;Barracuda;"TORINO 43"
Enzo;Barabba;Aulin;"TORINO 43"
Enzo;Barabba;Sporogen;"TORINO 43"
Enzo;Barabba;Mufluil;"TORINO 43"
Enzo;Barabba;Memovigor;"TORINO 43"
Enzo;Barabba;Trimikos;"TORINO 43"
Enzo;Barabba;ColonBirr;"TORINO 43"
Antonio;Rossi;"BIOGREEN - GEL 30ML";"TORINO 44"
Enzo;Barabba;Barracuda;"TORINO 44"
Enzo;Barabba;Aulin;"TORINO 44"
Enzo;Barabba;Sporogen;"TORINO 44"
Enzo;Barabba;Mufluil;"TORINO 44"
Enzo;Barabba;Memovigor;"TORINO 44"
Enzo;Barabba;Trimikos;"TORINO 44"
Enzo;Barabba;ColonBirr;"TORINO 44"
;;;"VERCELLI 01"
;;;"VERCELLI 02"
;;;"VERCELLI 03"
;;;"VERCELLI 04"
;;;"NOVARA 01"
;;;"NOVARA 02"
;;;"NOVARA 03"
;;;"NOVARA 04"
;;;"NOVARA 05"
;;;"CUNEO 01"
;;;"CUNEO 02"
;;;"CUNEO 03"
;;;"CUNEO 04"
;;;"CUNEO 05"
;;;"CUNEO 06"
;;;"CUNEO 07"
;;;"CUNEO 08"
;;;"CUNEO 09"
;;;"CUNEO 10"
;;;"ASTI 01"
;;;"ASTI 02"
;;;"ALESSANDRIA 01"
;;;"ALESSANDRIA 02"
;;;"ALESSANDRIA 03"
;;;"ALESSANDRIA 04"
;;;"ALESSANDRIA 05"
;;;"ALESSANDRIA 06"
;;;"ALESSANDRIA 07"
;;;"AOSTA 01"
;;;"GENOVA 01"
;;;"GENOVA 02"
;;;"GENOVA 03"
;;;"GENOVA 04"
;;;"GENOVA 05"
;;;"GENOVA 06"
;;;"GENOVA 07"
;;;"GENOVA 08"
;;;"GENOVA 09"
;;;"GENOVA 10"
;;;"GENOVA 11"
;;;"LA SPEZIA 01"
;;;"LA SPEZIA 02"
;;;"LA SPEZIA 03"
;;;"VARESE 01"
;;;"VARESE 02"
;;;"VARESE 03"
;;;"VARESE 04"
;;;"VARESE 05"
;;;"VARESE 06"
;;;"VARESE 07"
;;;"VARESE 09"
;;;"VARESE 10"
;;;"VARESE 08"
;;;"COMO 01"
;;;"COMO 02"
;;;"COMO 03"
;;;"COMO 04"
;;;"COMO 05"
;;;"COMO 06"
;;;"COMO 07"
;;;"COMO 08"
;;;"COMO 09"
;;;"MILANO 01"
;;;"MILANO 02"
;;;"MILANO 03"
;;;"MILANO 09"
;;;"MILANO 10"
;;;"MILANO 11"
;;;"MILANO 12"
;;;"MILANO 13"
;;;"MILANO 14"
;;;"MILANO 15"
;;;"MILANO 16"
;;;"MILANO 17"
;;;"MILANO 18"
;;;"MILANO 19"
;;;"MILANO 20"
;;;"MILANO 21"
;;;"MILANO 22"
;;;"MILANO 23"
;;;"MILANO 24"
;;;"MILANO 25"
;;;"MILANO 26"
;;;"MILANO 27"
;;;"MILANO 28"
;;;"MILANO 29"
;;;"MILANO 30"
;;;"MILANO 31"
;;;"MILANO 32"
;;;"MILANO 33"
;;;"MILANO 34"
;;;"MILANO 35"
;;;"MILANO 36"
;;;"MILANO 37"
;;;"MILANO 38"
;;;"MILANO 39"
;;;"MILANO 40"
;;;"BERGAMO 01"
;;;"BERGAMO 02"
;;;"BERGAMO 03"
;;;"BERGAMO 04"
;;;"BERGAMO 05"
;;;"BERGAMO 06"
;;;"BERGAMO 07"
;;;"BERGAMO 08"
;;;"BERGAMO 09"
;;;"BRESCIA 01"
;;;"BRESCIA 02"
;;;"BRESCIA 03"
;;;"BRESCIA 04"
;;;"BRESCIA 05"
;;;"BRESCIA 06"
;;;"BRESCIA 07"
;;;"BRESCIA 09"
;;;"BRESCIA 10"
;;;"BRESCIA 11"
;;;"BRESCIA 13"
;;;"BRESCIA 08"
;;;"BRESCIA 12"
;;;"PAVIA 01"
;;;"PAVIA 02"
;;;"PAVIA 03"
;;;"CREMONA 03"
;;;"CREMONA 01"
;;;"CREMONA 02"
;;;"MANTOVA 01"
;;;"MANTOVA 02"
;;;"MANTOVA 03"
;;;"MANTOVA 04"
;;;"MANTOVA 05"
;;;"MANTOVA 06"
;;;"BOLZANO 04"
;;;"BOLZANO 01"
;;;"BOLZANO 02"
;;;"BOLZANO 03"
;;;"TRENTO 01"
;;;"TRENTO 02"
;;;"TRENTO 03"
;;;"TRENTO 04"
;;;"TRENTO 05"
;;;"TRENTO 06"
;;;"TRENTO 07"
;;;"TRENTO 08"
;;;"TRENTO 09"
;;;"TRENTO 10"
;;;"TRENTO 11"
;;;"VERONA 01"
;;;"VERONA 02"
;;;"VERONA 03"
;;;"VERONA 04"
;;;"VERONA 05"
;;;"VERONA 06"
;;;"VICENZA 01"
;;;"VICENZA 02"
;;;"VICENZA 03"
;;;"VICENZA 04"
;;;"VICENZA 05"
;;;"VICENZA 06"
;;;"VICENZA 07"
;;;"VICENZA 08"
;;;"BELLUNO 01"
;;;"BELLUNO 02"
;;;"BELLUNO 03"
;;;"BELLUNO 04"
;;;"TREVISO 01"
;;;"TREVISO 02"
;;;"TREVISO 03"
;;;"TREVISO 04"
;;;"TREVISO 05"
;;;"TREVISO 06"
;;;"VENEZIA 01"
;;;"VENEZIA 02"
;;;"VENEZIA 03"
;;;"VENEZIA 04"
;;;"VENEZIA 05"
;;;"VENEZIA 06"
;;;"VENEZIA 07"
;;;"VENEZIA 08"
;;;"PADOVA 01"
;;;"PADOVA 02"
;;;"PADOVA 03"
;;;"PADOVA 04"
;;;"PADOVA 05"
;;;"PADOVA 06"
;;;"PADOVA 07"
;;;"ROVIGO 01"
;;;"ROVIGO 02"
;;;"ROVIGO 03"
;;;"PORDENONE 01"
;;;"PORDENONE 02"
;;;"PORDENONE 03"
;;;"PORDENONE 04"
;;;"UDINE 01"
;;;"UDINE 02"
;;;"UDINE 03"
;;;"UDINE 04"
;;;"UDINE 05"
;;;"UDINE 06"
;;;"GORIZIA 01"
;;;"TRIESTE 01"
;;;"TRIESTE 02"
;;;"TRIESTE 03"
;;;"PIACENZA 01"
;;;"PIACENZA 02"
;;;"PIACENZA 03"
;;;"PIACENZA 04"
;;;"PARMA 01"
;;;"PARMA 02"
;;;"PARMA 03"
;;;"PARMA 04"
;;;"REGGIO EMILIA 01"
;;;"REGGIO EMILIA 02"
;;;"REGGIO EMILIA 03"
;;;"REGGIO EMILIA 04"
;;;"REGGIO EMILIA 05"
;;;"REGGIO EMILIA 06"
;;;"MODENA 01"
;;;"MODENA 02"
;;;"MODENA 03"
;;;"MODENA 04"
;;;"MODENA 05"
;;;"MODENA 06"
;;;"BOLOGNA 01"
;;;"BOLOGNA 02"
;;;"BOLOGNA 03"
;;;"BOLOGNA 04"
;;;"BOLOGNA 05"
;;;"BOLOGNA 06"
;;;"BOLOGNA 07"
;;;"BOLOGNA 08"
;;;"BOLOGNA 09"
;;;"BOLOGNA 10"
;;;"BOLOGNA 11"
;;;"FERRARA 01"
;;;"FERRARA 02"
;;;"FERRARA 03"
;;;"FERRARA 04"
;;;"FERRARA 05"
;;;"RAVENNA 01"
;;;"RAVENNA 02"
;;;"RAVENNA 03"
;;;"FORLI - CESENA 01"
;;;"FORLI - CESENA 02"
;;;"MASSA CARRARA 01"
;;;"MASSA CARRARA 02"
;;;"LUCCA 01"
;;;"LUCCA 02"
;;;"LUCCA 03"
;;;"LUCCA 04"
;;;"LUCCA 05"
;;;"PISTOIA 01"
;;;"PISTOIA 02"
;;;"PISTOIA 03"
;;;"FIRENZE 01"
;;;"FIRENZE 02"
;;;"FIRENZE 03"
;;;"FIRENZE 04"
;;;"FIRENZE 05"
;;;"FIRENZE 06"
;;;"FIRENZE 07"
;;;"FIRENZE 08"
;;;"FIRENZE 09"
;;;"FIRENZE 10"
;;;"FIRENZE 11"
;;;"LIVORNO 01"
;;;"LIVORNO 02"
;;;"LIVORNO 03"
;;;"LIVORNO 04"
;;;"LIVORNO 05"
;;;"LIVORNO 06"
;;;"PISA 01"
;;;"PISA 02"
;;;"PISA 03"
;;;"PISA 04"
;;;"AREZZO 01"
;;;"AREZZO 02"
;;;"AREZZO 03"
;;;"AREZZO 04"
;;;"AREZZO 05"
;;;"PERUGIA 01"
;;;"PERUGIA 03"
;;;"PERUGIA 05"
;;;"PERUGIA 06"
;;;"PERUGIA 07"
;;;"PERUGIA 08"
;;;"PERUGIA 09"
;;;"PERUGIA 04"
;;;"PERUGIA 02"
;;;"TERNI 01"
;;;"TERNI 02"
;;;"TERNI 03"
;;;"PESARO URBINO 02"
;;;"PESARO URBINO 03"
;;;"PESARO URBINO 04"
;;;"PESARO URBINO 05"
;;;"PESARO URBINO 06"
;;;"PESARO URBINO 07"
;;;"ANCONA 01"
;;;"ANCONA 02"
;;;"ANCONA 03"
;;;"ANCONA 04"
;;;"ANCONA 05"
;;;"ANCONA 06"
;;;"MACERATA 01"
;;;"MACERATA 02"
;;;"MACERATA 03"
;;;"MACERATA 05"
;;;"MACERATA 06"
;;;"MACERATA 04"
;;;"ASCOLI PICENO 03"
;;;"ASCOLI PICENO 05"
;;;"VITERBO 01"
;;;"VITERBO 02"
;;;"VITERBO 03"
;;;"VITERBO 04"
;;;"VITERBO 05"
;;;"RIETI 01"
;;;"RIETI 02"
;;;"RIETI 03"
;;;"ROMA 01"
;;;"ROMA 02"
;;;"ROMA 03"
;;;"ROMA 04"
;;;"ROMA 05"
;;;"ROMA 06"
;;;"ROMA 07"
;;;"ROMA 08"
;;;"ROMA 09"
;;;"ROMA 10"
;;;"ROMA 11"
;;;"ROMA 12"
;;;"ROMA 13"
;;;"ROMA 14"
;;;"ROMA 15"
;;;"ROMA 16"
;;;"ROMA 17"
;;;"ROMA 18"
;;;"ROMA 19"
;;;"ROMA 20"
;;;"ROMA 21"
;;;"ROMA 22"
;;;"ROMA 23"
;;;"ROMA 24"
;;;"ROMA 25"
;;;"ROMA 26"
;;;"ROMA 27"
;;;"ROMA 28"
;;;"ROMA 29"
;;;"ROMA 30"
;;;"ROMA 31"
;;;"ROMA 32"
;;;"ROMA 33"
;;;"ROMA 34"
;;;"ROMA 35"
;;;"ROMA 36"
;;;"LATINA 01"
;;;"LATINA 02"
;;;"LATINA 03"
;;;"LATINA 04"
;;;"LATINA 05"
;;;"LATINA 06"
;;;"FROSINONE 01"
;;;"FROSINONE 02"
;;;"FROSINONE 03"
;;;"FROSINONE 04"
;;;"FROSINONE 05"
;;;"FROSINONE 06"
;;;"FROSINONE 07"
;;;"FROSINONE 08"
;;;"FROSINONE 09"
;;;"FROSINONE 10"
;;;"L'AQUILA 01"
;;;"L'AQUILA 02"
;;;"L'AQUILA 03"
;;;"L'AQUILA 04"
;;;"TERAMO 01"
;;;"TERAMO 02"
;;;"TERAMO 03"
;;;"TERAMO 04"
;;;"PESCARA 01"
;;;"PESCARA 02"
;;;"PESCARA 03"
;;;"CHIETI 01"
;;;"CHIETI 02"
;;;"CHIETI 03"
;;;"CHIETI 04"
;;;"ISERNIA 01"
;;;"ISERNIA 02"
;;;"ISERNIA 03"
;;;"CAMPOBASSO 01"
;;;"CAMPOBASSO 02"
;;;"CAMPOBASSO 03"
;;;"CAMPOBASSO 04"
;;;"CASERTA 01"
;;;"CASERTA 02"
;;;"CASERTA 03"
;;;"CASERTA 04"
;;;"CASERTA 05"
;;;"CASERTA 06"
;;;"CASERTA 07"
;;;"CASERTA 08"
;;;"CASERTA 09"
;;;"CASERTA 10"
;;;"CASERTA 11"
;;;"BENEVENTO 01"
;;;"BENEVENTO 02"
;;;"BENEVENTO 03"
;;;"BENEVENTO 04"
;;;"BENEVENTO 05"
;;;"NAPOLI 01"
;;;"NAPOLI 02"
;;;"NAPOLI 03"
;;;"NAPOLI 04"
;;;"NAPOLI 05"
;;;"NAPOLI 06"
;;;"NAPOLI 07"
;;;"NAPOLI 08"
;;;"NAPOLI 09"
;;;"NAPOLI 10"
;;;"NAPOLI 11"
;;;"NAPOLI 12"
;;;"NAPOLI 13"
;;;"NAPOLI 14"
;;;"NAPOLI 15"
;;;"NAPOLI 16"
;;;"NAPOLI 17"
;;;"NAPOLI 18"
;;;"NAPOLI 19"
;;;"NAPOLI 20"
;;;"NAPOLI 21"
;;;"NAPOLI 22"
;;;"NAPOLI 23"
;;;"NAPOLI 24"
;;;"NAPOLI 25"
;;;"NAPOLI 26"
;;;"AVELLINO 01"
;;;"AVELLINO 02"
;;;"AVELLINO 03"
;;;"AVELLINO 04"
;;;"SALERNO 01"
;;;"SALERNO 02"
;;;"SALERNO 03"
;;;"SALERNO 04"
;;;"SALERNO 05"
;;;"SALERNO 06"
;;;"SALERNO 07"
;;;"SALERNO 08"
;;;"SALERNO 09"
;;;"SALERNO 10"
;;;"SALERNO 11"
;;;"SALERNO 12"
;;;"SALERNO 13"
;;;"SALERNO 14"
;;;"SALERNO 15"
;;;"FOGGIA 01"
;;;"FOGGIA 02"
;;;"FOGGIA 03"
;;;"FOGGIA 04"
;;;"FOGGIA 05"
;;;"FOGGIA 06"
;;;"FOGGIA 07"
;;;"FOGGIA 08"
;;;"FOGGIA 09"
;;;"FOGGIA 10"
;;;"FOGGIA 11"
;;;"BARI 01"
;;;"BARI 02"
;;;"BARI 03"
;;;"BARI 04"
;;;"BARI 05"
;;;"BARI 06"
;;;"BARI 07"
;;;"BARI 08"
;;;"BARI 09"
;;;"BARI 10"
;;;"BARI 11"
;;;"BARI 12"
;;;"BARI 13"
;;;"BARI 14"
;;;"BARI 15"
;;;"BARI 16"
;;;"BARI 17"
;;;"BARI 18"
;;;"TARANTO 01"
;;;"TARANTO 02"
;;;"TARANTO 03"
;;;"TARANTO 04"
;;;"TARANTO 05"
;;;"TARANTO 06"
;;;"TARANTO 07"
;;;"BRINDISI 06"
;;;"BRINDISI 01"
;;;"BRINDISI 03"
;;;"BRINDISI 04"
;;;"BRINDISI 05"
;;;"BRINDISI 02"
;;;"LECCE 01"
;;;"LECCE 02"
;;;"LECCE 03"
;;;"LECCE 04"
;;;"LECCE 05"
;;;"LECCE 06"
;;;"LECCE 07"
;;;"LECCE 08"
;;;"LECCE 09"
;;;"LECCE 10"
;;;"LECCE 11"
;;;"LECCE 12"
;;;"LECCE 13"
;;;"POTENZA 01"
;;;"POTENZA 02"
;;;"POTENZA 03"
;;;"POTENZA 04"
;;;"POTENZA 05"
;;;"MATERA 01"
;;;"MATERA 02"
;;;"COSENZA 01"
;;;"COSENZA 02"
;;;"COSENZA 03"
;;;"COSENZA 04"
;;;"COSENZA 05"
;;;"COSENZA 06"
;;;"COSENZA 07"
;;;"COSENZA 08"
;;;"COSENZA 09"
;;;"COSENZA 10"
;;;"COSENZA 11"
;;;"COSENZA 12"
;;;"COSENZA 13"
;;;"CATANZARO 01"
;;;"CATANZARO 02"
;;;"CATANZARO 03"
;;;"CATANZARO 04"
;;;"REGGIO CALABRIA 01"
;;;"REGGIO CALABRIA 02"
;;;"REGGIO CALABRIA 03"
;;;"REGGIO CALABRIA 04"
;;;"REGGIO CALABRIA 05"
;;;"REGGIO CALABRIA 06"
;;;"REGGIO CALABRIA 07"
;;;"REGGIO CALABRIA 08"
;;;"REGGIO CALABRIA 09"
;;;"TRAPANI 01"
;;;"TRAPANI 02"
;;;"TRAPANI 03"
;;;"TRAPANI 04"
;;;"TRAPANI 05"
;;;"TRAPANI 06"
;;;"PALERMO 01"
;;;"PALERMO 02"
;;;"PALERMO 03"
;;;"PALERMO 04"
;;;"PALERMO 05"
;;;"PALERMO 06"
;;;"PALERMO 07"
;;;"PALERMO 08"
;;;"PALERMO 09"
;;;"PALERMO 10"
;;;"PALERMO 11"
;;;"PALERMO 12"
;;;"PALERMO 13"
;;;"PALERMO 14"
;;;"PALERMO 15"
;;;"MESSINA 01"
;;;"MESSINA 02"
;;;"MESSINA 03"
;;;"MESSINA 04"
;;;"MESSINA 05"
;;;"MESSINA 06"
;;;"MESSINA 07"
;;;"MESSINA 08"
;;;"MESSINA 09"
;;;"MESSINA 10"
Fabrizio;portineria;Barracuda;"AGRIGENTO 01"
Fabrizio;portineria;"BIOGREEN - GEL 30ML";"AGRIGENTO 01"
Fabrizio;portineria;Memovigor;"AGRIGENTO 01"
Fabrizio;portineria;Sporogen;"AGRIGENTO 01"
Fabrizio;portineria;Aulin;"AGRIGENTO 01"
Fabrizio;portineria;Trimikos;"AGRIGENTO 01"
Fabrizio;portineria;Mufluil;"AGRIGENTO 01"
Fabrizio;portineria;ColonBirr;"AGRIGENTO 01"
Fabrizio;portineria;Barracuda;"AGRIGENTO 02"
Fabrizio;portineria;"BIOGREEN - GEL 30ML";"AGRIGENTO 02"
Fabrizio;portineria;Memovigor;"AGRIGENTO 02"
Fabrizio;portineria;Sporogen;"AGRIGENTO 02"
Fabrizio;portineria;Aulin;"AGRIGENTO 02"
Fabrizio;portineria;Trimikos;"AGRIGENTO 02"
Fabrizio;portineria;Mufluil;"AGRIGENTO 02"
Fabrizio;portineria;ColonBirr;"AGRIGENTO 02"
Fabrizio;portineria;Barracuda;"AGRIGENTO 03"
Fabrizio;portineria;"BIOGREEN - GEL 30ML";"AGRIGENTO 03"
Fabrizio;portineria;Memovigor;"AGRIGENTO 03"
Fabrizio;portineria;Sporogen;"AGRIGENTO 03"
Fabrizio;portineria;Aulin;"AGRIGENTO 03"
Fabrizio;portineria;Trimikos;"AGRIGENTO 03"
Fabrizio;portineria;Mufluil;"AGRIGENTO 03"
Fabrizio;portineria;ColonBirr;"AGRIGENTO 03"
Fabrizio;portineria;Barracuda;"AGRIGENTO 04"
Fabrizio;portineria;"BIOGREEN - GEL 30ML";"AGRIGENTO 04"
Fabrizio;portineria;Memovigor;"AGRIGENTO 04"
Fabrizio;portineria;Sporogen;"AGRIGENTO 04"
Fabrizio;portineria;Aulin;"AGRIGENTO 04"
Fabrizio;portineria;Trimikos;"AGRIGENTO 04"
Fabrizio;portineria;Mufluil;"AGRIGENTO 04"
Fabrizio;portineria;ColonBirr;"AGRIGENTO 04"
Fabrizio;portineria;Barracuda;"AGRIGENTO 05"
Fabrizio;portineria;"BIOGREEN - GEL 30ML";"AGRIGENTO 05"
Fabrizio;portineria;Memovigor;"AGRIGENTO 05"
Fabrizio;portineria;Sporogen;"AGRIGENTO 05"
Fabrizio;portineria;Aulin;"AGRIGENTO 05"
Fabrizio;portineria;Trimikos;"AGRIGENTO 05"
Fabrizio;portineria;Mufluil;"AGRIGENTO 05"
Fabrizio;portineria;ColonBirr;"AGRIGENTO 05"
Fabrizio;portineria;Barracuda;"AGRIGENTO 06"
Fabrizio;portineria;"BIOGREEN - GEL 30ML";"AGRIGENTO 06"
Fabrizio;portineria;Memovigor;"AGRIGENTO 06"
Fabrizio;portineria;Sporogen;"AGRIGENTO 06"
Fabrizio;portineria;Aulin;"AGRIGENTO 06"
Fabrizio;portineria;Trimikos;"AGRIGENTO 06"
Fabrizio;portineria;Mufluil;"AGRIGENTO 06"
Fabrizio;portineria;ColonBirr;"AGRIGENTO 06"
Fabrizio;portineria;Barracuda;"AGRIGENTO 07"
Fabrizio;portineria;"BIOGREEN - GEL 30ML";"AGRIGENTO 07"
Fabrizio;portineria;Memovigor;"AGRIGENTO 07"
Fabrizio;portineria;Sporogen;"AGRIGENTO 07"
Fabrizio;portineria;Aulin;"AGRIGENTO 07"
Fabrizio;portineria;Trimikos;"AGRIGENTO 07"
Fabrizio;portineria;Mufluil;"AGRIGENTO 07"
Fabrizio;portineria;ColonBirr;"AGRIGENTO 07"
;;;"CALTANISSETTA 01"
;;;"CALTANISSETTA 02"
;;;"CALTANISSETTA 03"
;;;"CALTANISSETTA 04"
;;;"ENNA 01"
;;;"ENNA 02"
;;;"ENNA 03"
;;;"ENNA 04"
;;;"CATANIA 01"
;;;"CATANIA 02"
;;;"CATANIA 03"
;;;"CATANIA 04"
;;;"CATANIA 05"
;;;"CATANIA 06"
;;;"CATANIA 07"
;;;"CATANIA 08"
;;;"CATANIA 09"
;;;"CATANIA 10"
;;;"CATANIA 11"
;;;"CATANIA 12"
;;;"RAGUSA 01"
;;;"RAGUSA 02"
;;;"RAGUSA 03"
;;;"SIRACUSA 01"
;;;"SIRACUSA 02"
;;;"SIRACUSA 03"
;;;"SIRACUSA 04"
;;;"SIRACUSA 05"
;;;"SASSARI 01"
;;;"SASSARI 02"
;;;"SASSARI 03"
;;;"SASSARI 05"
;;;"NUORO 01"
;;;"NUORO 02"
;;;"NUORO 03"
;;;"NUORO 05"
;;;"CAGLIARI 04"
;;;"CAGLIARI 06"
;;;"CAGLIARI 07"
;;;"CAGLIARI 08"
;;;"CAGLIARI 09"
;;;"ORISTANO 01"
;;;"ORISTANO 02"
;;;"ORISTANO 03"
;;;"VERBANIA 01"
;;;"VERBANIA 02"
;;;"VERBANIA 03"
;;;"BIELLA 01"
;;;"BIELLA 02"
;;;"LECCO 01"
;;;"LECCO 02"
;;;"LECCO 03"
;;;"LODI 01"
;;;"LODI 02"
;;;"LODI 03"
;;;"RIMINI 01"
;;;"RIMINI 02"
;;;"RIMINI 03"
;;;"CROTONE 01"
;;;"CROTONE 02"
;;;"CROTONE 03"
;;;"CROTONE 04"
;;;"VIBO VALENTIA 01"
;;;"VIBO VALENTIA 02"
;;;"VIBO VALENTIA 03"
;;;"BAT 01"
;;;"BAT 02"
;;;"BAT 03"
;;;"BAT 04"
;;;"BAT 11"
;;;"MONZA-BRIANZA 06"
;;;"MONZA-BRIANZA 04"
;;;"MONZA-BRIANZA 05"
;;;"MONZA-BRIANZA 07"
;;;"MONZA-BRIANZA 08"
;;;"OLBIA TEMPIO 04"
;;;"OGLIASTRA 04"
;;;"MEDIO CAMPIDANO 01"
;;;"MEDIO CAMPIDANO 05"
;;;"CARBONIA IGLESIAS 02"
;;;"CARBONIA IGLESIAS 03"
;;;"FERMO 01"
;;;"FERMO 02"
;;;"FERMO 04"
